Engine rpm,Lub oil pressure,Fuel pressure,Coolant pressure,lub oil temp,Coolant temp,__index_level_0__,Engine Condition
655,4.224360994,4.890019982,1.358188683,76.48856305,86.18930572,155,1
673,3.726864873,4.041011981,1.303336629,75.43247429,75.17040555,752,0
470,2.311217244,3.936403109,2.764837068,78.94428613,93.19195863,108,1
1115,4.106250748,4.935860262,1.202714596,76.84307422,76.75855764,809,1
831,1.837292327,6.154573143,1.883470574,77.01840545,82.66083187,188,0
569,1.754732265,6.863574417,2.336859763,77.20916174,66.83489709,712,1
1126,4.090414242,2.580531686,2.234323184,77.487916,85.12357823,474,0
550,3.908787239,3.312051106,2.834958024,77.00646003,79.34234555,219,1
855,2.13431829,3.553043548,1.546500984,76.30166541,85.38969491,449,0
746,4.443352308,4.335104498,1.80859683,77.82150654,94.11005955,1007,1
610,2.120360964,3.25706424,2.473021882,83.58090302,69.45018998,623,0
671,4.183711117,7.13686938,2.776893627,77.18754137,79.17833622,918,1
1123,2.841169183,6.41236017,2.412952042,82.47304668,83.63520404,1057,0
783,4.423045947,7.737454332,4.996692977,82.6450543,71.97066307,731,0
724,5.108953133,4.571478694,1.427294492,72.76068678,77.76046984,237,1
978,2.154908122,4.136235945,1.687718976,78.14530236,89.76875355,507,0
716,2.311293537,4.088745184,3.127891649,83.81252803,81.93707027,501,1
518,0.143224595,8.248790385,2.914021317,82.57116137,66.80763915,208,1
559,1.764649733,4.016317455,1.923192644,77.23676149,69.52001473,1030,0
759,4.542509201,6.509747422,1.536836349,75.47592702,78.05539742,107,1
816,0.687282675,7.151105073,2.593425357,76.1509431,84.47345963,776,0
408,2.085609154,2.402503262,1.830944907,85.00976747,86.81355734,988,1
820,2.406798538,13.46706152,1.782779549,76.34840336,80.91617403,892,0
517,1.810876435,7.392370414,2.849102286,81.27502911,83.65886396,332,1
997,1.743842798,7.179100087,1.402239694,77.3080369,76.90525,922,0
469,2.244982914,7.020500865,0.246692655,76.9158745,86.21917274,607,1
654,4.24364421,4.488758104,2.168079353,76.34734278,82.90147377,39,0
710,3.994456556,19.07674171,5.195582988,76.93829172,72.72144863,747,1
804,4.817832349,6.034622843,2.248021016,76.77320565,82.494118,177,1
735,2.382593774,5.533941287,2.309452924,75.48043373,78.79994042,53,1
625,2.13437551,4.507260959,2.81011718,77.99938124,79.60290914,1047,1
636,1.87416531,3.506987018,1.714464894,87.70999021,76.65505267,222,0
452,2.32352549,4.720204162,2.924918423,75.44744115,85.54000576,851,1
968,2.365411386,7.297036926,3.144339721,75.83690981,77.30397193,199,1
1382,4.711898262,6.113931025,1.890274193,77.1032858,77.40142074,156,1
866,3.085225351,6.640999977,3.269877429,78.02845603,89.95794988,942,1
914,3.598302747,5.890436417,1.843528379,75.8425196,78.1722783,1,1
1454,3.753531497,6.419387571,5.08725304,88.60994603,87.55146411,873,0
429,3.378733978,3.557734043,2.692527804,77.95684478,93.98068928,182,0
401,2.58729799,5.839473934,2.615483716,76.7519373,81.49294533,630,1
690,2.484539515,11.23404372,2.440421951,74.75014746,78.97873359,958,0
734,3.560699044,7.540237648,2.353533222,75.25263003,73.03893569,603,0
458,2.24849985,4.817630287,1.828295016,77.85221341,80.61632902,148,0
692,3.850430318,5.334920986,1.344313324,75.10487196,84.72584073,32,1
366,0.040510041,7.073204228,1.770704785,79.30725645,66.2738482,223,1
912,4.591005627,5.76587528,2.768435008,75.9443756,85.64137184,445,0
618,2.726266415,4.433903751,1.906657215,77.83167114,83.3494213,285,0
552,1.920278603,6.84884516,1.69252761,78.618549,78.87764616,709,1
663,4.500924575,5.715177306,3.15070268,76.00711171,81.00853161,227,1
930,2.998510179,7.054668025,1.179963346,75.67809874,79.89581356,91,1
652,3.294513773,4.747836528,1.840367307,75.1694035,73.21669581,982,0
1465,3.798925324,5.925625242,1.365825779,75.09460341,80.44703398,633,0
895,2.986898834,4.991624163,2.301745876,74.70826205,72.21228801,787,0
677,3.015383189,6.889351536,1.459326351,77.43497338,85.86177284,164,0
426,4.954114141,11.62403103,3.155984802,76.4648956,85.78163743,136,1
668,2.676840685,6.086536586,1.21144996,85.04176623,89.22687274,367,1
1140,5.079731641,4.729854997,2.936702084,76.60688406,68.19356996,711,0
907,2.458382351,5.187853354,1.323614456,75.38578776,76.73166217,866,1
583,2.425361997,5.294153093,1.85210759,78.3858597,72.55138615,505,0
466,1.959643403,7.630782721,6.341496018,75.63805235,89.78999656,600,1
713,1.996322456,13.32249411,1.445540834,74.40787051,89.46980839,841,1
485,4.251723208,8.575562344,2.659427183,77.2820278,74.61681668,290,1
1185,2.857627579,8.166301316,1.625445921,82.92674569,78.72738616,645,0
1413,4.065443402,4.67963869,1.882488829,77.42688882,76.24716835,976,0
762,5.945370215,7.854085311,2.038362512,78.19187616,69.14587067,178,0
1066,2.271010326,4.075766315,1.124068479,87.94654381,86.7443352,570,0
1309,0.474949939,8.604389245,3.151084313,75.35123511,69.18137444,71,1
704,4.646957985,1.930691371,3.361737194,78.12174162,75.73571426,438,0
633,3.270640938,5.198359137,1.570229188,81.87024649,88.19791989,807,1
859,2.982877818,10.49009466,1.861812172,76.02175292,78.77792016,411,1
474,5.258175766,12.29270989,1.703907773,73.76991698,82.34877311,228,1
537,3.370731922,5.567769537,0.753534341,77.65419921,72.05583262,352,1
827,3.980967663,3.315843188,2.730592535,75.58604175,80.22628762,697,0
685,2.135644461,6.553194682,2.871375149,74.4246183,77.51788052,102,1
1048,3.092773086,6.504579827,2.571852484,73.23248527,79.16866568,483,1
532,3.460927263,6.186997611,1.415052181,83.70739128,85.06927108,767,1
669,2.939017511,6.655452016,1.362066623,77.2772477,70.76075018,79,1
863,5.52410651,6.926636356,5.544470704,77.6325537,68.75698667,172,1
964,3.007727651,7.121125567,3.322855182,77.30844792,83.19324814,1022,0
535,4.41019855,3.351666524,2.431755388,77.35936195,78.38921673,703,1
360,3.7901452,6.808198866,2.118531015,76.66072412,76.9022978,466,1
948,2.597528211,4.399043513,1.28447304,77.14793436,77.53867227,257,1
448,2.876330635,4.757737429,2.264782785,76.83942369,77.57910034,491,1
483,2.743330857,7.666945807,1.280861341,78.17151192,72.05303164,795,1
702,2.842197319,4.83739344,4.515843034,75.59922831,83.11764833,119,0
502,5.170276043,5.95599284,3.376922201,75.49940761,84.68457621,350,0
827,4.21828293,3.044068917,3.34337038,76.252321,74.47896267,160,0
861,2.286987787,2.701316089,1.700342488,73.40828108,75.84099593,326,0
664,1.894423161,3.411681074,2.994107532,78.58122914,79.47101475,898,1
788,3.43029847,3.310953735,1.945210006,74.62605528,85.35587049,388,0
1074,4.11062483,7.577276363,6.471793825,85.96439299,79.36424126,174,0
489,2.274050529,5.673031868,2.09412513,77.05486827,80.3512841,143,1
1079,1.884124018,5.505063544,2.039940962,76.30840644,74.05852444,874,0
399,3.103702284,6.128580399,4.853579901,78.18070628,71.76049922,313,1
765,4.61588663,4.758454408,2.500055981,78.14490745,79.39444497,490,1
986,5.081854974,5.973854555,1.66673286,75.60820406,76.71485994,684,1
639,4.274741993,6.897624861,2.982597262,76.35013633,76.86968479,346,0
721,2.073110791,2.034095497,1.171941958,76.75629483,82.77191048,23,0
1222,6.06009043,8.204878885,0.911828429,75.92155127,72.04654876,452,0
601,3.712667953,5.238307401,2.667484492,76.21567318,79.25263267,1012,1
741,2.416913184,8.576523993,1.993765781,76.32406858,86.82096209,969,1
626,2.731786527,6.965761875,2.661612201,75.90216184,72.78772839,733,1
498,4.695483222,5.649934786,1.292490767,75.26942302,73.06230356,867,0
699,2.525395909,4.161114785,1.418947591,78.5559613,82.46686315,349,0
639,2.271530051,7.738976555,2.599973805,77.11477553,74.62017707,50,1
1288,3.452046746,6.631740585,3.469447368,76.58948658,84.95066989,120,0
810,2.123025163,5.969875876,1.675121025,83.62355996,86.66268427,291,0
537,3.193476392,4.889239829,2.686503222,75.0030507,69.794026,248,1
1311,4.777610106,0.56835087,3.207917173,83.52434153,76.93535156,1043,0
1750,2.835481999,7.847625942,1.782751999,73.75678253,74.34888879,552,1
819,4.400376227,4.515654341,2.923142699,78.3906914,74.71179751,553,0
1081,2.381735211,4.94877963,0.87561062,80.26236218,78.74087327,225,0
430,3.523970359,6.286524993,1.230455784,75.33152196,77.52772225,269,0
585,5.182253566,4.231804428,2.471570943,75.28607082,84.13519358,655,1
775,2.911978304,7.49174545,1.401884767,77.12815499,69.58756032,613,1
496,2.001740447,10.86524769,1.415460624,74.4800354,78.36855304,728,1
610,3.950713253,6.62504665,1.276062663,77.75628566,73.14524332,431,0
843,4.641241576,14.53431296,1.459414124,77.0188547,82.92702794,542,1
1352,2.987549161,7.585436331,3.014616116,73.82944112,73.48468205,806,0
1132,2.786900216,5.137874341,1.554692955,76.42737643,74.79657654,830,0
694,2.637738738,6.641214614,2.92435017,75.42844003,74.99410062,82,1
1460,3.400627621,4.918700125,1.666663768,76.71563952,88.61257661,523,1
940,0.291001795,6.931822547,3.78347048,77.48724986,87.81671502,812,0
1280,3.082629765,8.028809514,1.352982702,78.70797195,81.88824585,399,0
887,4.192601051,6.797956157,1.064139576,77.90613712,75.12396606,688,0
889,2.117449841,3.986508693,1.832531197,78.11575568,87.91160384,777,0
838,4.583028956,9.337592555,2.856452576,76.70743567,71.76176281,520,1
662,3.667843406,8.841687555,0.470927716,76.35902794,75.89657059,549,1
921,4.049235828,5.639328808,2.884531371,76.99740236,78.63309102,315,1
644,2.077520777,5.65530964,2.882210066,83.89212496,74.0651835,598,1
769,3.537460581,10.65532883,3.002971767,78.00549826,83.02073397,891,0
952,2.816020438,11.46458696,6.134351656,75.12642732,72.94507367,138,1
1149,2.406853954,5.441151465,2.388965698,77.21521536,71.95848172,986,1
879,2.809540804,4.646065334,4.636188027,76.41188369,76.21431912,278,1
766,4.573954754,5.78106048,1.424037901,76.0366148,84.95570458,920,1
848,2.853279298,3.8374692,1.385961107,76.37797691,66.46533267,535,0
725,2.980333395,10.37204586,2.880810961,85.11226229,86.57312978,581,0
607,4.109325049,5.087493228,2.195452246,75.74914767,87.93031688,469,1
748,5.392817936,10.41229061,2.22430993,74.74211348,71.23002097,194,1
582,2.703791973,7.47898769,2.59877357,76.26556765,80.83335715,439,1
670,4.080391382,6.376533989,2.511665666,77.04169986,78.44206299,1070,1
695,3.354269492,6.134778463,3.018192783,80.60436899,88.13357871,908,0
935,3.665291483,6.379486009,1.415059459,76.71292945,65.53934165,376,1
1368,4.486985582,7.12390587,2.460766507,75.84725757,82.64696219,206,1
516,3.402057511,7.548267679,1.650776236,74.42265946,73.22235556,205,1
627,2.942468696,14.30072654,2.969665866,76.78747385,72.9812732,267,1
940,1.943300041,5.612164791,5.552352899,83.76475241,80.15828313,362,0
793,2.628779994,5.919787407,1.881325397,75.29084927,76.95056758,415,1
528,0.838712091,8.026889701,2.311687446,84.06200326,77.71310567,1053,1
657,4.931621434,2.791661966,2.954351522,77.25466853,76.53097127,738,1
438,4.617101741,7.002154241,2.817963718,77.03562129,71.14801655,242,1
632,4.414195206,4.205140646,1.507452382,77.05870624,71.62027123,109,1
812,3.040908841,6.703920388,3.659834952,78.53333164,86.00042304,818,0
576,2.491347599,6.666685506,1.848949431,83.78231968,77.89665768,594,1
417,2.316335731,6.956494628,1.536671476,75.77990966,68.63924787,831,1
798,1.975885212,8.25605073,1.199638563,76.77221717,76.08310734,992,0
1315,3.664665178,6.46067356,2.097933809,78.70578081,79.16254543,572,1
459,2.942150066,4.680839019,1.013244296,75.14102149,74.343417,628,1
791,3.603794486,6.111216657,1.756325494,79.51553418,78.22078184,385,0
500,2.120093524,1.667752991,2.209777446,78.42772431,89.13239016,465,1
1264,2.533666978,3.565872393,1.491929142,77.1937573,85.39630066,803,0
1122,3.380367116,5.252627596,1.46389222,77.48991131,75.31553049,931,1
1090,2.579803726,5.05421045,2.323047127,84.14110223,82.11571916,393,0
572,3.981359296,6.781867589,1.482523246,76.70600342,84.05740073,165,1
1104,2.087294318,8.993418127,2.599417719,75.96515269,76.8788612,391,0
642,2.404504261,7.866867825,2.68215534,82.97774891,81.45753722,374,0
414,4.257638292,7.488923462,0.857273799,75.89041695,70.60151401,467,1
439,4.514257813,5.597125048,1.428218706,82.35412279,72.78689797,763,1
919,5.191460101,3.854911911,2.996236167,80.36185969,90.57603956,25,1
563,3.39612656,5.167091159,1.586716185,76.57686263,70.78580695,496,1
604,2.52087308,10.8638766,1.194695242,74.86979627,72.47992413,151,0
558,4.061452062,9.606253257,3.123183908,77.40561105,81.08423241,454,1
641,2.487186393,7.21138802,1.745439259,75.47716979,72.832672,950,0
460,5.267455298,9.805081674,3.014466013,74.43181282,75.55016756,972,1
607,3.070129882,5.297654093,1.47372411,76.64428913,72.19066008,742,1
704,4.726887297,8.06300596,1.542422251,74.11413484,73.08409644,522,1
496,3.051490477,2.145658582,1.835981712,75.96812981,79.20010326,444,1
965,3.150630663,7.094900467,1.266583996,77.03167849,78.94185826,816,0
759,3.498613858,6.158060307,2.008612831,77.14968205,72.80520702,311,1
1276,5.481771577,5.348832397,2.470789281,76.5336673,77.49076019,1038,1
850,2.656819448,4.487179536,1.639153294,77.70383843,87.95864538,596,1
505,4.819508308,3.138263844,3.99317889,77.03798033,73.08728794,29,1
1545,2.603245037,8.186338001,2.176046132,76.41536791,84.51429323,337,1
1198,4.178146637,6.274379909,2.83780605,76.08284814,77.14909013,890,0
1178,3.745103887,5.809341248,2.160150344,76.06251625,80.16843037,19,1
518,3.198667609,5.621664457,2.856666611,74.50729421,82.40893443,700,1
584,2.221508559,5.414759074,2.346682073,74.04237643,80.17414791,348,1
652,4.690347209,6.817049273,2.982626203,76.89343713,72.83342387,758,1
565,5.254787202,9.794651823,1.950939517,76.21475114,74.08995748,394,1
444,2.278584853,5.857382807,2.98551816,82.55207399,86.60652103,336,1
493,4.987390974,5.488729272,4.296275292,77.86984328,79.19338943,301,1
781,3.544010272,8.019388437,1.752707366,75.78706548,88.17244343,220,1
382,4.007224214,6.040847619,5.217296768,77.00057062,81.06447448,718,1
1229,2.242412742,7.270735882,1.594943773,83.81365839,84.15668908,437,0
1033,4.015978599,4.044618546,1.368561782,78.41091049,69.72617742,17,0
1015,3.753364852,11.13538388,2.811993075,85.20401088,85.08204438,903,0
456,2.110521749,4.515448905,2.101105519,73.81799525,70.30272933,936,1
442,2.596823783,2.534832399,1.829254733,75.45195062,77.29249336,489,1
562,2.071875451,5.239956012,2.158990966,77.51011277,77.58060169,74,1
891,3.260654599,10.22683533,1.421585127,76.12628156,73.21157975,254,0
1671,4.928290096,2.784336444,2.738144951,75.09511535,83.39282106,966,0
605,3.893942135,5.298075405,5.027294084,86.70432631,72.09872599,443,1
628,2.083090634,7.519013723,1.952411695,76.48336629,76.70133533,256,1
1411,1.89732418,4.621009737,2.560055306,75.58544379,77.69975668,814,1
402,2.604033543,13.1394398,4.906776581,76.61938765,67.76555192,842,1
1224,4.577375559,5.555869699,2.679219454,80.93629169,70.05245289,468,0
526,3.598447653,5.156969493,1.321505228,83.96404727,74.34145542,229,1
993,3.337200721,5.12878861,1.667252863,87.36646507,75.93636813,1056,1
825,4.848554134,4.858090865,1.050603445,81.55775478,82.71502511,810,0
653,2.510447176,6.248394419,1.725310357,75.46629958,76.68077153,902,0
767,3.53485651,4.487744997,1.562512513,76.24469511,81.39828726,1006,0
779,4.428567856,5.829195396,2.593078579,75.97642148,75.94757878,638,1
1302,2.31405898,5.586128132,1.863287294,75.02686642,88.10007131,759,1
876,4.212847306,6.61610195,1.767898235,76.09046009,79.8204413,1009,0
797,3.207006017,7.136024307,2.741174693,75.81597161,81.47111373,440,1
1021,2.692710252,12.7151717,1.860795203,77.12573223,81.02396772,771,0
500,4.986831335,5.811700109,2.075684288,74.92004538,73.66283774,62,1
795,0.554904962,4.961375919,1.995635789,77.49582098,82.17436917,390,1
603,4.564205051,4.697829305,1.69698162,76.46522354,70.00286455,849,1
899,3.198938152,5.743192938,1.367237881,76.79924683,69.68969174,121,1
703,2.116119752,17.68131547,1.294608712,77.47628387,72.42903853,112,1
886,1.959196775,8.712487646,2.901944591,76.40888184,73.41943245,60,0
651,2.018504765,3.125024627,3.087017717,77.10574264,76.72828102,405,0
839,3.890235559,5.725585071,1.984227594,77.48795413,77.33258842,710,0
661,2.435270031,7.914654291,3.038856883,75.11960883,75.42019159,243,1
600,4.506462976,4.515542874,1.68362506,75.79095868,80.18538284,860,1
471,4.731016596,7.750904566,2.181825446,77.40829526,74.41937227,985,1
801,3.589941877,7.85634053,3.551911413,74.25969966,84.15974368,602,0
844,2.244778673,5.635379359,2.390453876,76.32410671,71.41283542,207,1
479,3.357996366,9.312451952,2.01550372,73.2414351,76.60859186,494,1
549,2.373162782,6.280015209,1.532436825,78.1141162,67.10266451,783,1
817,2.204623305,5.182421678,2.915452143,75.60044877,85.79395792,970,1
478,2.16953374,10.75067186,1.415156887,80.40170414,69.57250506,527,1
901,2.500751888,6.261984137,2.204668552,75.34742307,75.79518571,163,1
683,2.369701622,4.663605577,1.649664133,76.09885842,78.43323699,264,1
426,3.376088208,7.07274341,1.689429194,75.0300191,83.0599836,139,1
666,1.657211511,6.670047369,3.145315661,74.71803052,71.67766663,756,0
473,3.444812344,4.807555384,2.860550968,76.51259426,72.32719552,612,1
416,3.47183588,4.406753068,2.378160628,74.68331327,77.20810555,293,1
581,2.392303444,6.378779378,1.265366612,78.59764708,77.64705048,159,1
1432,2.182520692,8.248285501,1.648608394,75.60607552,66.88427334,252,1
915,1.738615826,4.655282127,2.628736252,75.85833087,80.4476199,506,0
464,3.757133291,11.50117196,4.259206772,77.02559222,88.30011807,96,0
541,2.646998223,6.41455442,3.091683872,76.78759337,80.70845613,640,1
1367,2.375259932,3.814969613,1.893180376,85.21122202,72.92516551,664,1
795,2.456513051,4.476936399,3.27588358,76.47687337,75.27314266,470,1
610,4.362790268,1.737233963,4.572127304,73.26617535,74.99791382,216,1
692,2.891998359,14.21951797,1.797976427,76.72310502,79.73042896,429,1
677,3.169062167,4.871894844,2.572828151,77.76166077,88.296283,420,1
555,4.247507441,0.625999717,3.108186393,82.89391042,83.62292674,459,1
788,2.411184914,3.55165318,4.684686799,86.29805755,85.05654828,1068,1
777,4.202436588,4.878076047,3.221163183,75.14880108,74.59253506,85,0
993,3.45003603,6.797610121,4.232642802,75.7861841,83.83126816,1026,0
537,3.721734597,5.380306475,1.468474957,84.66004687,91.68934276,796,1
1071,4.81754379,1.537919209,2.562629589,80.70935166,81.51669558,476,0
614,3.945035,15.12778608,3.21559266,77.41816422,84.98506213,609,1
518,4.551551835,7.198324077,1.819350019,77.00453729,86.65615931,1023,0
811,2.024696004,5.445152171,1.479930725,83.48027472,68.98989894,397,1
602,2.558182588,6.737974964,2.144809287,75.02564563,78.76451945,244,1
658,3.983149165,8.592837327,0.838613801,76.89059026,64.64207078,412,1
1218,2.667088743,4.415281189,2.622454422,76.56459308,79.82205932,1014,0
953,2.862554481,5.099013039,1.594695528,77.12341493,76.53626014,296,0
551,2.238573722,7.121733899,1.261365443,84.72895524,74.65733691,325,1
587,0.107738542,6.22192506,1.588517021,76.03099279,75.0000931,666,0
707,2.384502097,5.092421243,3.737263751,84.35259074,92.06448445,1046,0
614,4.009421475,4.685847287,2.256571751,75.49625594,67.97446845,308,0
984,3.139744045,7.444061132,5.721613058,78.57750211,84.84603487,309,0
681,2.670319063,4.893500828,1.973367081,77.16682261,86.45596891,353,1
1043,3.298957369,9.761772621,2.291429497,78.3678006,79.08568679,94,1
1087,4.136393639,6.500446388,1.446947381,85.56049893,88.06408275,562,1
667,3.130011074,10.73601859,1.731604898,76.7622909,79.34923175,1025,1
1233,4.195883587,4.5729261,2.853887041,82.35370488,85.52116086,331,1
533,2.588187431,7.515360117,3.727453435,77.60010986,90.93990439,1059,0
640,3.600330922,6.324964356,1.327997836,75.83478422,79.95590789,644,1
898,2.585566431,7.089434051,2.646055208,77.72808652,75.35173955,955,0
555,4.919948367,6.851099708,2.284690927,76.29465328,74.58802892,949,1
815,3.422208924,7.176713082,2.431909987,76.95983857,75.12341787,875,1
1071,4.029000353,6.384378279,1.23829494,86.63445107,87.29986349,294,0
1292,3.951863117,2.161862534,1.503835768,79.11486378,82.25266869,673,0
876,2.20625393,10.51579384,1.348373038,77.83457688,87.98696939,504,1
667,4.101014582,8.379001994,1.213070519,77.56301594,83.87661632,498,1
586,2.504293363,6.584434765,1.641090318,78.25847649,76.9828438,170,1
584,2.215861995,3.888467017,1.874821877,78.57377984,83.37542155,14,0
904,3.242548338,1.418040587,2.474057407,82.01593221,77.39304782,224,1
1065,3.62958484,7.532303272,1.274250827,72.49515059,66.86721385,240,1
527,3.267653731,7.484247583,2.695506931,75.83481351,77.12542123,748,1
520,4.233657911,2.376546317,2.775907168,77.68039376,85.78685223,204,1
1085,3.935636382,5.390797893,3.120691135,76.33441395,73.43287402,575,1
771,3.615147869,8.280813141,2.025358764,76.93588112,85.01133591,843,0
698,3.722387521,15.15492515,1.695858616,74.65001299,83.96069734,705,1
659,3.58196466,4.822044563,2.174537883,76.3928606,73.33540249,754,1
612,1.857465945,4.196580789,1.31891122,77.65573288,72.85702796,406,1
991,3.534619292,9.82950355,3.000145596,75.98182767,77.74951139,805,1
697,2.599457309,2.939082897,2.7041958,77.89968286,77.36753278,540,0
742,2.420068859,11.66479922,3.288465172,74.67050795,88.54301782,1060,1
428,2.467040508,6.29582351,3.173783938,75.59057705,75.04944018,202,0
778,4.575375319,6.627605218,3.344559647,80.2604803,81.29084131,383,0
690,3.323212253,7.42221768,1.894696282,75.92382918,73.4916211,500,1
1051,2.025690298,1.579126758,2.244480773,77.35493354,76.79087636,378,0
899,4.205633734,7.028671425,2.675176437,84.74112739,87.51765092,932,1
1176,2.588444974,6.911573869,2.287590478,76.8828968,86.54960536,794,0
866,2.755733233,6.346812573,3.736590401,74.97722774,79.16401503,749,0
803,3.107364823,7.00678839,1.203169519,78.00641894,84.70566211,189,1
1185,3.764830046,10.67399172,2.249565729,78.4875236,75.17431356,75,0
786,2.814893662,6.213294104,1.352433216,76.78497768,68.00710616,967,0
627,2.263591066,5.136609349,2.334429008,75.49892547,80.07511935,856,1
793,4.030462967,9.396419957,3.080871791,74.60890604,67.85321609,434,1
594,2.670296999,9.094531454,2.782816089,77.07716121,83.55629602,557,1
1161,3.408980023,5.261298753,2.729079063,75.01608621,66.09409732,695,0
955,2.862295391,3.919076274,1.911393516,76.61096025,81.45253872,722,1
655,3.714818525,5.2731771,5.482187874,74.75097756,79.38787362,852,1
1219,1.885869805,7.45168338,2.261734887,77.86597515,88.32246363,305,1
937,4.010242692,3.460154762,2.60578215,76.75868053,70.69608132,200,0
956,2.710183947,6.438228071,2.230796723,73.64262839,75.06964713,823,1
537,2.490573217,3.850437763,2.279635394,84.10090975,81.94767045,81,0
1117,3.830979738,9.480587345,2.272647738,76.63834002,85.97526247,509,0
690,4.098832269,5.167827931,2.920105763,77.16625897,76.27728114,260,1
573,2.358472365,3.128075086,1.302063574,75.22588623,78.95343376,152,1
489,3.719391341,6.194016927,2.067904936,78.01039026,89.0111232,521,1
830,4.937412628,7.789243529,1.822369051,77.53849687,82.69568196,354,1
969,3.964318456,9.543631823,1.576908347,83.77805115,72.80526145,686,0
784,1.923395719,8.753828981,1.250356514,75.28955058,84.0646871,37,0
1060,0.310807816,6.537003501,1.504135442,74.82747842,74.96944672,8,0
633,2.572487721,5.074380845,2.266198214,77.64113078,72.3072492,211,0
534,4.66098905,8.305832594,1.256540176,84.22639189,75.45109664,295,1
650,3.100163409,4.528618733,2.092896742,86.03799992,74.22668705,322,0
630,5.460139356,6.912194172,0.958050044,77.10743742,79.17308083,556,1
1462,2.460920614,6.562974267,2.862514021,77.69357325,83.73643546,901,0
820,4.777291867,4.613540601,4.634455851,75.64368091,71.87911052,766,0
672,3.835846507,7.319906677,2.570622121,78.35855429,72.4959658,64,0
557,4.562918164,6.547502216,1.151463897,74.86132102,92.37025026,944,1
757,2.707495623,5.712043694,2.786443843,77.538581,77.36918127,925,0
527,2.02988996,8.303949851,1.598622809,84.17058807,77.89492684,824,0
992,3.890780159,12.28806777,1.180185059,84.29095016,84.69519042,36,0
652,2.257826144,3.093086838,2.500525973,75.87828902,75.56810601,263,0
1244,2.53043604,5.838042771,2.752228878,74.37131509,79.6706711,822,0
584,6.826921011,8.455273693,2.896968747,75.12004873,76.51703847,569,1
435,2.771794617,8.088241693,2.872364006,77.00490575,85.61671401,786,1
383,2.307080884,12.14488152,2.800658469,85.63443008,80.67985844,846,1
989,3.569974743,6.329313993,5.596626072,77.48132959,89.2232492,1003,0
688,2.304395034,5.336733511,1.27181077,73.5203606,81.86174203,632,1
715,3.868666745,5.091304368,2.497381697,77.26106833,73.49928957,792,1
671,4.927550852,5.552810903,1.476062633,75.67427574,86.10912486,753,1
586,2.470340007,10.62179037,2.637025065,84.30247113,66.83548848,510,1
551,3.273094056,5.555852439,2.279785563,73.6330011,70.70756691,529,1
1333,3.714286721,4.002140834,4.444453168,77.51585203,71.57119516,1017,0
886,4.316031926,8.036976912,3.183262972,84.93904957,88.90105007,833,1
408,4.55325768,5.688232291,2.342417166,78.31806534,89.40200357,140,1
907,4.052746817,3.974344085,1.682943194,76.44981111,79.93010431,389,0
612,2.971512031,4.34861107,2.3662658,76.81921174,83.92632586,65,0
811,3.438617961,6.645624094,3.467428388,75.81685496,83.65694558,358,1
916,2.949671858,4.940682378,1.475033699,75.93042912,81.1989486,58,1
749,3.004782016,7.464043184,2.490539707,75.19521815,74.78162507,503,1
429,3.645413297,6.938714975,1.719368583,76.66058612,72.77808768,382,1
753,3.174813777,4.60437308,2.018408889,75.65502793,80.54921379,592,1
413,2.490913189,5.111478423,2.693905645,78.14223122,78.96691562,46,1
858,5.517880466,5.060114713,1.269739244,78.29130666,75.09460851,669,1
655,1.93029814,7.042021328,1.558642389,76.32455751,79.66112357,1013,0
791,1.830360626,4.680652354,1.71880848,88.65886328,67.45234488,433,0
779,2.745302793,19.55891794,3.178517623,87.20215732,74.89734,414,0
748,0.317230586,6.214468137,1.188541865,86.28051314,77.28609619,475,1
633,2.789075516,11.45201009,2.178440641,75.87365538,74.32332928,233,1
656,2.557949222,9.365773567,2.689524843,81.8981868,74.12603637,651,1
811,5.452593264,5.079589925,2.680202261,76.54589478,90.08560545,234,0
1253,3.089959018,5.634263437,1.596737514,81.75978782,70.83424281,316,1
488,4.112070256,6.50270472,1.177365047,89.27536937,70.90834029,456,1
648,3.986151985,3.097112308,1.788459807,75.75775079,81.33392251,338,0
695,2.760081205,7.999880558,1.369579442,87.49894265,73.22685441,398,1
484,0.587658893,5.738170606,2.059310763,77.49103552,92.22968393,1000,0
539,2.747919978,4.711832305,1.802048341,75.935642,66.84316873,493,1
843,2.868510627,5.466811049,2.745867173,77.01436692,76.11028532,707,1
761,2.572092694,7.264213859,1.48657611,77.05576607,83.62603717,617,0
956,1.801475909,6.074921883,3.968321277,80.10169216,84.41063283,1033,0
581,4.081327267,7.947877226,3.141427925,83.91973165,76.58502171,690,1
501,3.293375875,8.037788734,4.776639443,74.58980644,78.13120631,1054,1
531,2.752722207,3.74276504,2.564415915,77.00699461,67.63989497,940,1
812,3.110061318,5.864402332,1.316039121,78.34043752,89.33013981,67,0
563,1.864383522,7.253645676,1.543164144,75.94561042,82.83399747,488,1
628,3.864148008,4.598943456,1.559997663,75.83446268,75.76058166,323,1
395,2.171385719,6.362278658,1.385980489,76.26337274,84.25199872,547,1
637,3.00939052,4.910445492,1.468909972,77.46018755,73.78591927,298,1
978,2.972436397,5.611396128,1.961234624,76.87461406,76.86511356,471,1
851,3.334591919,5.004853914,2.97050413,78.18562937,86.72045729,241,0
418,2.538428379,2.945069073,2.603207655,78.01496098,76.49333619,168,0
793,2.262417483,5.350182019,2.551376926,78.62040302,71.66889505,804,0
719,3.294852558,8.23605917,1.477249139,77.90220298,71.67482581,899,1
659,6.186512053,5.4440796,4.501951918,77.36664241,79.28265952,5,1
1026,2.458255333,13.29660687,1.575279588,76.30287846,73.78629352,991,0
474,2.200556744,3.97207924,1.782533295,76.85334178,76.28619944,193,1
941,3.831132686,6.59514305,3.437647322,85.50137572,68.28776639,879,1
570,2.71411885,4.435408507,2.148389296,81.82653342,76.2410269,1019,1
1221,4.222807575,4.32524621,5.648512067,83.79968047,76.74660242,764,0
729,4.491335224,6.372321652,1.544350912,76.0302918,76.84248885,379,0
803,1.65738194,5.455268994,1.66088805,75.01597586,77.08577098,400,0
499,2.373743594,4.048385685,3.200671078,77.17822821,85.19321165,80,1
613,1.679778898,6.183396196,1.732888862,86.51561421,83.93236968,724,1
465,3.649530131,9.688817801,1.845561279,74.00513808,72.19852494,1066,1
1032,2.750943531,4.566361501,3.029535582,75.39723653,83.40176911,734,0
1229,2.28894431,3.561332343,1.987093766,77.08323902,73.98211974,672,0
627,2.533059051,7.275545971,2.308183408,76.02019334,82.72365193,862,1
600,2.534028239,4.462439704,6.643331647,76.15136822,78.15924136,790,0
595,2.32728966,5.260016779,1.797924823,77.16613252,79.10163197,762,1
1443,3.807213958,6.899125997,3.283151842,77.44906176,79.25116275,911,0
1330,2.573914105,8.465313461,1.868026975,77.07090119,83.93975452,1063,1
985,2.312681568,1.866906211,3.350390433,81.59098919,69.87648154,699,0
495,2.487784062,6.489082498,1.937522121,77.91166093,68.15731882,249,1
843,2.440784782,6.3659421,1.739462748,82.92946885,89.9549671,836,1
1111,3.037217164,2.252347895,1.259844658,75.29844215,78.91831301,835,1
696,2.716795421,5.410542654,1.976036896,83.28279484,74.86273454,647,1
794,2.66347613,5.038385571,2.072589604,77.01303477,73.70308332,373,0
722,2.368615465,3.747567112,1.356143696,78.79095829,83.20445824,318,1
554,3.511495313,10.13244565,1.701815475,80.28420147,69.4511012,253,1
1244,3.943147638,5.018652244,1.28989571,73.74736462,75.36255856,11,1
608,3.605828147,4.606148078,1.708640321,77.48875159,81.18795761,282,0
576,2.935569316,7.737717353,2.018710725,74.97659431,77.25544602,407,1
834,3.685473349,7.428454954,1.320853188,74.99213547,68.27926469,808,1
628,5.152052829,3.772988786,2.353495476,78.30752155,73.38171517,105,0
775,3.910337369,6.541415887,1.599203088,74.66848201,82.9715224,24,1
637,2.769608389,5.336278769,1.415656431,76.82012265,80.51980616,615,0
482,2.312521764,7.68792052,3.192417001,77.79067954,67.10541387,181,1
1565,2.115711168,8.582130861,2.761805637,74.80527629,76.99266616,713,0
995,2.97420582,6.579687173,1.89039342,76.34979003,86.77194382,978,1
736,4.593118106,12.24347078,5.658624893,76.08338248,73.72662232,626,0
863,2.154959878,8.286075595,1.98143203,76.66889853,85.68854299,829,1
820,4.115350266,4.77283145,1.092283959,76.28531837,73.56735922,368,1
657,2.468920686,5.516645965,2.760213371,75.95077867,79.1811119,90,0
1052,3.470415656,4.761544286,5.924779979,77.29997941,72.0843474,98,0
1329,3.588706331,6.446180933,2.610932923,76.12610848,76.57936056,428,1
799,2.072629728,5.870729996,1.548537787,76.3203089,82.6721048,386,1
1023,2.917935997,9.005321605,3.21711527,75.43941449,93.87062064,464,0
1413,4.920442494,6.980386718,1.122287258,82.04750504,79.92755751,802,1
1332,5.176745492,6.645048231,2.709682424,80.91776871,77.67219534,179,0
723,4.044200246,9.745379452,1.467089308,74.69757741,79.29371536,943,1
480,2.263578076,10.9222248,3.268777193,84.37856845,85.47614094,926,1
1031,3.661497794,5.276286688,4.945613784,78.08402946,84.00804917,883,0
861,4.463623499,2.11835139,1.966063352,76.86465967,77.83773217,678,1
1037,2.139223979,7.121392646,1.783265502,77.38760993,71.95918534,990,1
1152,2.447614705,4.511131831,1.655399485,78.18995497,73.25306703,1040,0
987,0.752522214,4.801435254,2.41289945,77.96487524,68.74647065,610,0
1024,5.111173183,7.640231413,1.355008584,78.40145116,81.08863251,99,1
691,2.660686047,12.82479639,1.788852733,86.31124026,79.57672594,631,1
530,4.367527619,10.87565629,1.071637086,86.57324803,75.1646462,605,1
505,2.904714365,6.246291069,1.890069506,75.78633997,79.50707113,457,1
1068,3.639087473,6.183315715,2.347956938,76.78819825,88.7023331,384,1
869,3.901517684,7.948431931,3.687458487,76.63764945,77.98108279,481,1
715,3.018940128,13.77090761,3.183512108,86.1948409,64.73551646,201,1
620,4.08514602,5.916181451,1.930710586,83.6424668,88.31262822,757,1
927,5.049482223,11.48385362,1.70063814,73.97007176,78.79306671,685,1
1158,3.54273596,3.938517294,2.384490925,76.49047304,70.22883945,73,0
784,2.505125429,10.21192237,1.589329281,77.14731565,73.77889101,446,0
698,2.541908973,4.87229227,1.581137034,75.33163398,88.59476188,487,1
442,2.133638141,0.314028302,2.667828055,76.91038906,83.67252996,0,1
633,3.339562014,1.056442029,1.39651547,85.97695796,76.68360982,583,0
1020,2.917450732,11.68601482,2.80278299,76.66652892,77.55876322,97,0
554,2.356305313,7.498510599,3.331425825,75.49246884,77.7997457,54,1
678,3.705727111,4.828925741,2.045334644,74.54460108,88.96002215,180,1
929,4.542158276,5.247393512,1.309703408,77.03778037,78.54736634,618,0
490,2.438762739,11.30651196,2.107327409,82.55588689,74.60261708,528,1
639,3.72968868,5.316594685,2.454049834,78.92245361,74.20419112,689,1
1257,3.032970526,4.486794025,1.053666892,77.3343921,79.37410496,907,1
1100,1.791033973,6.782448862,3.653874196,81.92430802,93.34498462,356,1
910,3.606079609,6.754824253,2.204460823,74.71960985,80.5401604,1029,0
815,3.808581098,8.060254156,1.448770102,76.01060007,74.31107948,887,1
809,2.994863594,6.779156986,1.966332027,84.92595116,82.96859938,714,1
376,3.528246176,7.485242208,1.300370984,75.28101982,74.91562605,567,1
708,2.557881434,4.578173688,1.761201659,79.75484112,78.59726574,27,0
670,2.691219224,5.780184784,5.936339326,75.21578214,73.36942161,134,1
511,3.538563851,9.857395684,1.987296478,76.4929244,66.0404792,128,1
764,2.357019897,7.379463997,2.510326515,75.79956016,73.77871034,1015,1
539,2.072085362,5.273467148,6.408614237,75.10386944,77.60735829,327,1
1224,4.39795887,6.005172951,1.690140192,81.10462846,74.27548931,957,0
653,2.933714373,7.198221742,2.813979838,75.56575833,80.65399033,361,1
522,4.947887017,6.417194324,2.738703368,77.31910325,75.37394624,236,0
562,5.124418472,8.006499544,2.803562035,76.31771507,77.38640881,1069,1
875,4.008707454,4.994708583,1.990044943,76.14497873,75.27661471,589,1
421,4.792906068,6.049350392,2.23829835,76.37427264,80.97397202,639,0
392,2.735794527,7.003601522,2.229790702,74.40516568,82.26346329,1050,1
600,4.874576621,7.701993673,2.288052939,76.65047348,87.88207796,273,1
544,2.829965082,16.1673228,1.330883505,76.5494893,73.15859398,329,1
854,1.593305669,4.784992193,2.549160707,77.06450092,77.05833532,512,1
1448,3.554559674,3.250682436,1.897099765,87.74392205,81.7398921,706,0
520,4.404900226,6.023335797,0.918951542,76.97311792,75.28339693,69,1
816,2.431565144,4.686424217,1.669754233,81.02457318,81.23766996,965,1
618,2.351443441,4.874818803,1.650618547,82.54795768,77.67252961,679,1
915,2.513985145,5.917109359,2.021270864,78.25120094,79.89450838,770,0
975,3.151469495,12.1278867,1.241193567,84.45205285,84.14724644,774,0
644,2.178557643,3.506100743,1.867200429,76.44382393,81.5890252,192,1
1172,4.464110557,5.83133014,1.358946024,76.34261762,73.17979716,815,1
772,2.561523069,9.639424732,2.090644522,73.91259393,75.36100518,215,1
723,1.756405985,6.705976098,3.349971083,77.35037629,83.81567873,784,0
1482,3.289898896,5.082570447,1.950200158,75.42679654,88.65889266,38,0
897,3.540680837,3.014619664,3.181560337,78.23746089,71.39268935,760,0
521,2.766828615,5.449742669,2.464981073,74.9117698,66.43452526,834,1
681,4.210146606,7.11600012,2.58714132,78.44407517,78.27837279,725,1
754,2.74287763,3.846214835,3.34844226,77.5482544,85.23518932,872,1
1148,4.289054836,5.107203394,2.854854315,76.61342531,75.07952743,95,0
479,3.763739493,6.186749943,2.144535884,78.30735471,75.38175611,593,1
1165,2.59422866,6.971408407,2.371459173,76.38173087,84.11685311,451,1
725,2.842276964,11.95244226,0.374630408,78.64324873,69.234317,885,1
828,3.377321976,4.441523019,1.470001574,78.06727094,80.5445842,573,1
858,3.217945338,8.28032567,1.652119688,77.82450618,85.56180874,184,1
995,3.536049988,7.909640421,1.878700876,78.29649466,78.76327607,674,0
728,4.030338751,7.346520246,1.16351552,73.26242544,64.69249965,880,1
626,3.705535465,8.333199123,2.929298694,83.69608021,66.08105077,893,1
644,4.575478145,10.54245493,1.944643714,76.3906263,81.72759264,696,1
690,3.755539843,5.705820342,1.901933504,75.78678979,83.99412394,1004,1
425,3.722782908,9.829122756,1.652531441,74.93767018,65.93598334,597,1
697,3.274970119,5.006090172,1.853254559,76.18723498,70.26519609,905,0
537,4.156876294,4.950165181,2.970651399,76.29358639,80.9823483,251,1
533,4.805158974,4.463572177,1.222730182,77.20725544,76.25695439,601,1
1094,3.553758028,5.502391247,2.478281853,81.06902907,81.0379851,578,0
794,4.468242575,6.522886622,2.41282618,76.17222891,68.83236064,629,0
915,2.957126584,10.91519063,2.682538609,76.89868102,79.65903752,546,1
521,3.987323208,10.18067073,2.889094733,75.06962594,91.85768324,13,1
875,2.313780096,5.489042458,4.789947083,76.86868342,78.4144947,854,1
904,3.828892078,5.032243342,1.196708695,86.8492501,78.74040722,307,1
658,3.762850222,7.273887228,4.464865637,72.43774354,74.85775091,865,1
1603,3.797821418,7.942447937,1.51695546,78.15212937,79.16223569,591,0
374,2.794912917,5.861734058,0.87629272,84.06015858,73.44669881,372,1
908,3.643042597,6.483142044,6.826048275,77.85058323,81.33803182,306,0
700,3.974989842,1.806913633,2.358808029,77.41011349,82.64030874,497,0
503,3.685981525,4.828983868,3.726592363,80.73170059,80.11781438,563,1
859,3.3319732,4.476900135,2.427850347,76.323802,92.81762941,863,1
708,4.645687314,10.25141825,2.385651598,77.11516592,79.42175814,292,1
697,3.092194194,2.717958809,3.382436104,76.80895669,71.42370044,819,1
767,2.670704346,9.167774375,2.378518573,74.64265772,69.17741199,363,0
703,5.156638971,6.483879103,2.465245254,75.42367109,82.22887298,845,1
652,2.649368897,3.053924975,6.281068703,77.91813354,75.06758932,538,0
523,2.971650932,6.760780352,4.458813137,75.29382089,88.34669952,35,1
1006,4.039043033,6.960573612,1.104177789,84.87671993,85.8717777,485,1
721,3.541263916,5.367468376,2.289658856,76.79268294,78.42414979,608,1
536,3.036256365,5.564834777,5.887761123,75.29810542,81.89193448,871,1
952,2.793646183,6.926700831,1.56634439,83.11907343,78.52085886,653,0
553,2.194783861,6.290061279,2.420876785,76.88504702,84.55689091,395,1
845,2.203563337,5.667852581,2.504995525,75.50979036,84.08402015,878,0
496,2.243801597,4.784863021,3.104228456,77.57007604,77.06107191,997,1
553,5.151328601,2.14585381,2.247516482,75.13968207,70.32471916,419,1
555,3.775529123,5.821323712,1.823831571,74.42306593,70.43330932,410,1
655,3.049225454,8.558616624,2.135557151,74.35515872,79.54537181,1036,0
721,4.333740562,4.116938813,3.924033797,74.72723867,66.83904245,195,1
846,3.09166162,6.333016964,1.487772119,75.75969301,84.9565176,3,1
623,2.211484177,10.75146008,1.261800082,81.44761692,77.54590337,952,1
1011,2.494979595,5.552983656,1.106255502,76.47366495,79.45774084,132,0
650,3.619253334,7.976774668,3.360383757,74.64752117,69.94235844,929,1
1113,3.084417501,4.995093873,2.376511767,77.87652919,75.71707501,416,0
734,5.369783804,8.63110744,1.484931828,75.18609044,72.1292826,740,1
778,2.101159576,4.647124038,2.495398628,77.70885984,76.77325998,914,1
1322,3.090489299,4.920801774,1.629006624,76.08519451,91.10629563,768,1
481,2.707812448,4.367934611,2.325973632,78.33289885,85.76647667,896,1
813,4.505005727,5.056525965,3.321561683,77.84311487,89.336598,1037,0
507,2.829952299,7.740109369,2.324231441,76.55904258,80.84337688,844,1
1215,4.876214154,4.925309155,3.245017365,77.09852882,85.09644205,277,1
963,2.593703728,6.772811576,2.283147441,76.7432898,72.8151367,265,0
634,4.000400896,7.849500269,1.77907754,75.12253852,77.90637638,173,1
641,4.226260725,6.653992319,2.896148741,77.97173955,81.54687247,458,0
975,2.110630828,5.837243354,3.081873675,75.88967332,81.22073152,928,0
924,3.503636823,8.331432367,1.175183395,76.62563683,72.25480208,185,0
401,3.350147735,16.13107427,3.625447777,75.78749382,74.62589574,480,1
693,3.85836044,7.228748318,2.468399275,75.03415532,75.69648623,624,1
603,2.742546216,5.519710788,1.372159945,85.5892056,80.96991377,1071,1
669,2.632464158,5.584875722,2.453822908,76.24139803,84.54283102,266,0
829,3.273804391,4.581891734,6.1356653,74.15091286,74.13745519,772,0
1070,2.73668835,6.128955693,1.686794762,77.23429607,87.62481534,889,1
644,3.131404814,13.04626635,2.672960842,77.17601339,72.33692208,10,1
388,3.083886847,10.99422342,2.391901285,75.94988121,83.82177501,1067,1
489,2.369247107,7.163784658,2.936480374,76.30093999,68.30046618,63,1
559,2.261476822,6.650522943,2.277881485,75.15678268,79.00201992,427,1
872,3.313780745,7.33699729,1.631873479,77.82973994,81.08317531,15,0
1152,3.952010848,4.955447491,1.906075417,76.27192771,73.47915247,45,0
1221,4.36697206,8.805454338,3.402809062,78.08073262,84.14223363,587,0
647,2.756635458,8.128048849,1.972011838,76.29379904,66.19434458,654,1
618,4.714432502,5.27100874,3.862820071,84.87735405,67.81176697,541,0
482,2.821381931,4.999779069,0.95633874,78.04625105,87.41960539,51,1
919,3.166933417,5.558107711,2.225864337,85.17189914,75.30257483,12,0
869,4.8546184,5.247266021,3.269086496,75.882906,87.30120563,268,0
785,4.413537169,6.074009679,0.801829165,75.41866139,75.5313496,104,1
906,3.898433896,7.295918588,2.113603284,87.37075101,90.31362386,110,1
989,4.95909571,6.15308164,2.351431481,74.04451224,71.92061631,1011,1
476,3.206906935,7.120353766,2.01182009,77.70304503,88.30076726,324,1
519,3.240552484,8.63566703,2.615427515,77.15825257,77.16718947,619,1
710,4.33856693,5.455502338,1.665819741,77.18979778,83.97855471,197,1
1296,2.413394753,7.131707185,1.991051552,77.42511742,75.38814192,746,1
657,3.438406542,5.60148223,3.193627961,77.05167248,81.35439542,961,1
1342,3.594148912,5.58867276,3.180902686,76.39741291,71.62840204,726,1
881,2.885586435,16.4417969,3.070603983,78.0320789,84.72532733,888,1
1057,3.042302104,7.142803344,1.149575665,80.91900111,86.93980961,739,1
799,2.449096111,5.291652866,2.23529831,77.14148439,69.32294962,103,1
461,2.592478234,5.310509246,1.744771139,75.7707213,73.71450999,730,1
1201,3.932275229,7.060805577,2.352036912,77.23404939,68.55787469,335,0
1571,2.475355807,4.891253573,1.746433007,77.62294608,88.16808878,956,1
640,4.709466872,7.202034536,3.284003623,77.33895448,79.1636868,543,1
839,2.581549049,7.252249619,3.861086744,78.69959937,73.71549247,88,0
1035,4.378047521,8.487750599,1.028000809,75.88252239,86.90468234,531,1
715,2.399255559,5.343956719,3.013042109,75.19507005,81.96133898,450,1
1605,3.355466712,6.721512317,2.666127686,76.43180403,94.81154573,536,1
1097,3.263316653,5.729700412,2.254573181,85.13079917,67.06606773,42,1
773,4.050161958,5.056935195,4.802132993,77.22116435,83.44047532,585,1
1015,4.439967045,5.877032855,2.403710289,74.38895973,74.76159346,377,1
773,4.196683644,5.079684442,1.766191906,77.11795892,76.02058241,508,0
1465,4.876276166,14.13823036,2.33497373,74.44745166,89.33462856,797,0
852,3.044290073,3.49740726,1.691328707,80.98494127,76.23705043,648,0
620,2.660636198,3.872604107,2.439496373,73.84953092,76.90369408,667,1
797,3.368795323,6.057227399,1.721997029,74.29569821,75.22221835,590,0
1148,3.275221016,6.77483864,2.398076165,75.42922321,82.91678658,1028,1
762,4.513581148,7.358038718,2.04961317,85.28274536,75.91194624,565,1
1094,0.555230493,6.286631462,5.838285998,75.17139095,75.73236425,850,0
971,2.443172674,7.763951918,3.152056656,73.836701,68.90748212,924,1
398,3.104200242,15.62316661,1.23813784,86.15680469,91.15238387,1061,1
983,2.282467587,5.732357486,2.799168289,82.13327336,70.7910947,274,0
1183,2.818982776,8.621274762,1.014461054,76.13483701,72.36712913,614,0
142,5.409825964,12.13455611,1.755747984,76.4438996,78.49757572,203,1
660,3.53548929,11.28297629,1.885723177,75.29851955,85.42810234,698,0
961,4.097132919,10.5320567,1.307209448,78.75399807,78.77617975,858,0
1048,3.863537071,5.192074039,1.773078795,75.46027568,79.65089069,115,1
1256,2.307970944,5.620646088,2.507053699,77.79832927,83.42495911,939,0
1069,1.678349015,4.980654695,3.202777876,72.76674656,72.21271275,525,1
1673,3.550135231,3.171918703,2.232311633,78.06219782,81.12115814,826,1
589,4.661863841,4.850179621,1.375439429,76.36423218,74.46176739,994,1
713,4.238405644,3.568699736,2.347329282,76.48644977,80.16976093,779,1
594,3.138642557,4.186705273,2.314914606,77.55694778,72.22879202,262,0
701,4.724991212,4.956874283,3.010532604,77.92522509,78.40240481,910,1
775,2.980303187,5.28891295,2.323533268,76.33021658,81.51293934,213,0
446,4.975179893,4.909988404,2.833818464,78.16765405,90.89362425,735,1
870,2.249550268,4.321139908,1.27547987,72.67767586,77.89988214,289,0
666,2.356348099,7.420545967,1.906525834,77.33413923,83.37546531,245,1
501,2.824370972,4.754386959,2.987872385,75.76185405,70.22845903,681,1
1400,3.416604683,7.578565476,3.311040965,76.87951809,72.18236992,482,1
1048,4.063373668,5.387180045,0.843078844,77.71542278,77.3164414,750,1
852,4.408114112,3.742379752,1.85030363,76.77355993,81.84610462,788,0
903,2.230006757,3.953842384,1.558981155,86.7419673,74.92326422,1052,0
884,2.507971598,7.841074011,3.390905841,77.86123641,69.60251908,214,0
698,3.05975835,5.809544861,1.865823226,75.30984378,81.88776387,691,1
871,4.034794975,3.992938098,3.249058147,76.69801681,93.44614085,461,1
733,2.944436095,5.148530512,2.165559185,75.33154568,84.77662982,622,0
1193,2.41815105,3.363400787,1.470971797,73.76018781,79.70091767,662,0
614,2.990673468,6.535104788,5.938035158,77.381043,75.34469334,912,1
610,2.360217637,9.929329894,3.285947327,74.69915576,69.9362644,33,0
656,4.900737635,4.287248129,1.295625145,77.45307991,79.15828572,89,0
743,2.18721828,11.57822571,2.923512178,75.71865552,80.99994,1027,1
758,4.418989732,4.394948435,1.71405842,78.36880636,91.01044847,320,0
626,2.75553322,5.682217513,2.004768725,75.67785844,75.34050618,77,0
784,4.645940703,3.758347833,3.056390991,78.74069225,76.84529376,646,1
697,2.808280771,11.47844196,1.826323401,76.95501545,82.29026842,964,1
922,2.188351288,5.229671878,1.586777027,89.01404418,82.68961878,980,1
565,3.561973717,4.633838276,3.479694469,83.92192615,70.10777505,1018,1
609,2.253007574,9.819721935,1.47246704,73.92681768,77.86681071,881,1
858,2.666972395,5.137033166,4.368330367,77.13732598,70.68187891,634,1
755,2.854142423,7.044978899,1.041464371,75.78677748,73.03187881,380,1
520,2.557213193,8.551290418,3.019512658,77.45027046,82.902353,514,1
635,2.256374501,13.7342357,1.497994229,75.56522819,91.05558622,660,1
563,3.027065118,14.95024335,3.309132142,74.99160908,76.91355587,209,1
888,3.139702432,6.551796509,1.470331944,83.96437627,67.6987335,859,1
993,2.425632788,4.95113772,1.676549478,75.95836831,77.69336667,484,1
1054,2.286860356,9.00391165,3.412943467,74.32379905,83.03921976,339,1
363,3.803833514,3.891699875,2.327709354,82.8185066,88.61362473,280,1
623,4.624268966,7.079197633,3.135808449,76.64758824,83.81024538,518,1
582,2.578728035,5.378269197,1.684701068,75.33545552,89.45969299,18,1
885,2.886211477,7.68005162,1.622963643,76.6547551,83.28931441,357,1
570,3.857509761,8.984548369,2.491985631,73.74233106,74.83713268,886,1
505,4.29602848,6.603779859,1.929350027,82.0680808,85.77671551,636,1
538,3.722633505,5.260489759,3.368880861,74.32774391,83.62512427,913,1
736,2.519718003,4.284839643,1.546389617,77.3728606,77.503126,775,1
458,5.09348572,13.3621429,1.605726429,81.58136291,85.60081486,825,1
677,2.901497371,1.037127307,1.683077666,84.45512447,71.06766624,61,1
1115,4.154098848,7.174585523,1.456888245,79.03588711,89.73856558,900,0
651,2.623162762,4.817873871,1.580681807,75.36009421,77.14965417,413,1
956,3.814857562,0.897302195,2.66630548,76.6388541,84.19213338,217,1
532,4.875603528,9.233678804,2.741126186,83.988082,87.92821165,149,0
594,4.291978275,5.957809478,2.824844078,75.48825654,78.56589316,539,0
1064,0.192245506,7.374385561,1.414468526,76.85518976,81.59063708,534,0
485,1.966245391,3.297081126,1.720741438,74.45044987,83.87736201,460,0
696,4.026456069,14.79662373,2.021461198,75.22272566,73.76597071,40,0
850,2.880956692,5.456577415,2.752962009,79.94571004,88.68733618,271,0
530,2.012522097,4.955656059,1.753217776,82.83883185,85.41738601,923,1
1524,3.521486935,5.535045204,1.761718245,87.95192529,83.70010547,472,1
982,3.001012099,6.647766539,1.546072318,77.42703909,81.56059472,210,0
957,3.129075992,10.8682947,2.570305537,82.01475663,78.15146867,83,0
486,2.425531905,8.414815097,2.526607887,75.79748393,67.54352711,447,1
961,4.332142983,4.068593718,1.634463541,77.20618426,71.03375597,312,0
466,3.97131463,0.791407174,3.268978856,77.41440799,92.1182507,235,1
1021,2.808217261,3.619994839,1.307798278,75.67132628,73.92252092,1031,0
703,2.340012779,7.352574219,2.822896504,74.8565538,79.28621271,524,1
622,1.976496902,5.075257766,0.107432201,74.12090692,81.98052249,167,0
1112,4.698064877,7.670734559,1.429124538,75.60931811,68.39091562,392,0
883,4.69685364,8.089769702,1.775746142,75.46238205,73.966454,687,1
